{"cameraMode":{"drawMode":0,"name":"Shaded","section":"Shading Mode"},"sceneLighting":false,"audioPlay":false,"sceneViewState":{"showFog":true,"showMaterialUpdate":false,"showSkybox":false,"showFlares":true,"showImageEffects":true,"showParticleSystems":true},"in2DMode":false,"pivot":{"x":2.025439500808716,"y":21.366670608520509,"z":20.87994384765625},"rotation":{"x":0.0014902071561664343,"y":0.9968856573104858,"z":0.07641071081161499,"w":-0.01944153569638729},"size":1.6928932666778565,"orthographic":false}