{"cameraMode":{"drawMode":0,"name":"Shaded","section":"Shading Mode"},"sceneLighting":false,"audioPlay":false,"sceneViewState":{"showFog":true,"showMaterialUpdate":false,"showSkybox":false,"showFlares":true,"showImageEffects":true,"showParticleSystems":true},"in2DMode":false,"pivot":{"x":5.960464477539063e-8,"y":3.880000114440918,"z":-1.1920928955078126e-7},"rotation":{"x":0.2258116602897644,"y":-0.7420035004615784,"z":0.30240535736083987,"w":0.554068386554718},"size":4.514481067657471,"orthographic":false}