{"cameraMode":{"drawMode":0,"name":"Shaded","section":"Shading Mode"},"sceneLighting":false,"audioPlay":false,"sceneViewState":{"showFog":true,"showMaterialUpdate":false,"showSkybox":false,"showFlares":true,"showImageEffects":true,"showParticleSystems":true},"in2DMode":false,"pivot":{"x":9.593039512634278,"y":2.079986095428467,"z":-11.463399887084961},"rotation":{"x":-0.02775837667286396,"y":0.9456788301467896,"z":0.08391238003969193,"w":0.31286442279815676},"size":15.88333511352539,"orthographic":false}